ratio_tau_e_over_T_burst,duty_cycle,t_rep_fs,t_burst_ps,sigma_z_um,delta_z_coll_um,delta_z_over_zr,total_yield,normalized_yield
0.1000,0.0100,3000.00,27.0000,8.09,4047.20,1.1451,8.193813e+06,1.077802e-01
0.1000,0.0200,1500.00,13.5000,8.09,2023.60,0.5726,1.812665e+07,2.384353e-01
0.1000,0.0500,600.00,5.4000,8.09,809.44,0.2290,3.884515e+07,5.109635e-01
0.1000,0.1000,300.00,2.7000,8.09,404.72,0.1145,5.727441e+07,7.533793e-01
0.1000,0.2000,150.00,1.3500,8.09,202.36,0.0573,6.973009e+07,9.172196e-01
0.1000,0.4000,75.00,0.6750,8.09,101.18,0.0286,7.449812e+07,9.799374e-01
0.1000,0.7000,42.86,0.3857,8.09,57.82,0.0164,7.571344e+07,9.959236e-01
0.1000,1.0000,30.00,0.2700,8.09,40.47,0.0115,7.602334e+07,1.000000e+00
0.5000,0.0100,3000.00,27.0000,40.47,4047.20,1.1451,8.214423e+06,1.091197e-01
0.5000,0.0200,1500.00,13.5000,40.47,2023.60,0.5726,1.812793e+07,2.408099e-01
0.5000,0.0500,600.00,5.4000,40.47,809.44,0.2290,3.875300e+07,5.147917e-01
0.5000,0.1000,300.00,2.7000,40.47,404.72,0.1145,5.700329e+07,7.572270e-01
0.5000,0.2000,150.00,1.3500,40.47,202.36,0.0573,6.920084e+07,9.192583e-01
0.5000,0.4000,75.00,0.6750,40.47,101.18,0.0286,7.381206e+07,9.805133e-01
0.5000,0.7000,42.86,0.3857,40.47,57.82,0.0164,7.498129e+07,9.960452e-01
0.5000,1.0000,30.00,0.2700,40.47,40.47,0.0115,7.527900e+07,1.000000e+00
1.0000,0.0100,3000.00,27.0000,80.94,4047.20,1.1451,8.308582e+06,1.132355e-01
1.0000,0.0200,1500.00,13.5000,80.94,2023.60,0.5726,1.814309e+07,2.472675e-01
1.0000,0.0500,600.00,5.4000,80.94,809.44,0.2290,3.858575e+07,5.258752e-01
1.0000,0.1000,300.00,2.7000,80.94,404.72,0.1145,5.642506e+07,7.690026e-01
1.0000,0.2000,150.00,1.3500,80.94,202.36,0.0573,6.789683e+07,9.253484e-01
1.0000,0.4000,75.00,0.6750,80.94,101.18,0.0286,7.207133e+07,9.822416e-01
1.0000,0.7000,42.86,0.3857,80.94,57.82,0.0164,7.311098e+07,9.964107e-01
1.0000,1.0000,30.00,0.2700,80.94,40.47,0.0115,7.337434e+07,1.000000e+00
3.0000,0.0100,3000.00,27.0000,242.83,4047.20,1.1451,9.142782e+06,1.524266e-01
3.0000,0.0200,1500.00,13.5000,242.83,2023.60,0.5726,1.813761e+07,3.023865e-01
3.0000,0.0500,600.00,5.4000,242.83,809.44,0.2290,3.740026e+07,6.235296e-01
3.0000,0.1000,300.00,2.7000,242.83,404.72,0.1145,5.163197e+07,8.607980e-01
3.0000,0.2000,150.00,1.3500,242.83,202.36,0.0573,5.784125e+07,9.643178e-01
3.0000,0.4000,75.00,0.6750,242.83,101.18,0.0286,5.951405e+07,9.922063e-01
3.0000,0.7000,42.86,0.3857,242.83,57.82,0.0164,5.988900e+07,9.984575e-01
3.0000,1.0000,30.00,0.2700,242.83,40.47,0.0115,5.998152e+07,1.000000e+00
10.0000,0.0100,3000.00,27.0000,809.44,4047.20,1.1451,9.322986e+06,3.125117e-01
10.0000,0.0200,1500.00,13.5000,809.44,2023.60,0.5726,1.698783e+07,5.694415e-01
10.0000,0.0500,600.00,5.4000,809.44,809.44,0.2290,2.715393e+07,9.102149e-01
10.0000,0.1000,300.00,2.7000,809.44,404.72,0.1145,2.962083e+07,9.929066e-01
10.0000,0.2000,150.00,1.3500,809.44,202.36,0.0573,2.983183e+07,9.999795e-01
10.0000,0.4000,75.00,0.6750,809.44,101.18,0.0286,2.983547e+07,1.000101e+00
10.0000,0.7000,42.86,0.3857,809.44,57.82,0.0164,2.983323e+07,1.000026e+00
10.0000,1.0000,30.00,0.2700,809.44,40.47,0.0115,2.983244e+07,1.000000e+00
