angle_mrad,n_quad_overlap,n_quad_u,yield,relative_to_finest
0.0,4001,51,119565367885.23232,2.7797409263286e-08
0.0,8001,101,119565365080.94472,4.3433963092809336e-09
0.0,12001,151,119565364561.62495,0.0
20.0,4001,51,54767156803.90568,7.727855244610282e-09
20.0,8001,101,54767156449.465164,1.2560839035558047e-09
20.0,12001,151,54767156380.67302,0.0
40.0,4001,51,26073227444.49271,4.6408921150487004e-10
40.0,8001,101,26073227433.851593,5.596501040372459e-11
40.0,12001,151,26073227432.392406,0.0
