angle_mrad,analytical_yield,xigma_mean,xigma_sample_std,xigma_sem,relative_difference
0.0,119565364561.62494,119455448067.57996,280846225.561606,162146643.92888358,-0.000919300455010319
5.0,111654313135.68704,111566252214.25664,244697934.54479998,141276418.3795857,-0.0007886925185182081
10.0,92594927387.3786,92540632099.01155,167229768.1936373,96550151.68311523,-0.0005863743284759693
15.0,71603038860.60915,71578124237.62514,93479566.88414915,53970453.10429314,-0.00034795482678484646
20.0,54767156380.67302,54760069146.01914,46643497.02828408,26929635.565225326,-0.00012940665760730052
25.0,43143643228.07756,43144585511.76238,23646552.392887045,13652343.389439926,2.1840614614854204e-05
30.0,35376356856.458885,35379753960.08024,13651275.907329088,7881567.8198783025,9.602751451032177e-05
35.0,29998681297.96124,30001951756.70081,9223986.529300494,5325471.105693122,0.00010902008348590009
40.0,26073227432.392406,26075272931.660046,7020520.646847741,4053299.485308869,7.845209316492685e-05
