angle_mrad,seed,n_particles_requested,n_particles_after_prefilter,n_steps,yield
0.0,20260906,15000,15000,600,119188621268.3919
0.0,20260907,15000,15000,600,119429245688.38477
0.0,20260908,15000,15000,600,119748477245.96321
5.0,20260906,15000,15000,600,111325277614.68155
5.0,20260907,15000,15000,600,111558968191.20445
5.0,20260908,15000,15000,600,111814510836.8839
10.0,20260906,15000,15000,600,92370927270.38394
10.0,20260907,15000,15000,600,92545697304.29126
10.0,20260908,15000,15000,600,92705271722.35945
15.0,20260906,15000,15000,600,71481080586.74689
15.0,20260907,15000,15000,600,71585715306.98746
15.0,20260908,15000,15000,600,71667576819.14102
20.0,20260906,15000,15000,600,54711129298.60681
20.0,20260907,15000,15000,600,54765063846.582275
20.0,20260908,15000,15000,600,54804014292.86834
25.0,20260906,15000,15000,600,43120013422.70228
25.0,20260907,15000,15000,600,43146560456.9579
25.0,20260908,15000,15000,600,43167182655.62695
30.0,20260906,15000,15000,600,35366067474.840126
30.0,20260907,15000,15000,600,35379824653.31122
30.0,20260908,15000,15000,600,35393369752.08934
35.0,20260906,15000,15000,600,29993210793.11852
35.0,20260907,15000,15000,600,30001051698.269886
35.0,20260908,15000,15000,600,30011592778.71403
40.0,20260906,15000,15000,600,26069031494.76207
40.0,20260907,15000,15000,600,26073913576.53383
40.0,20260908,15000,15000,600,26082873723.684242
