angle_mrad,seed,n_steps,n_particles_after_prefilter,yield,relative_to_800_steps
0.0,20260906,200,15000,119188621268.40164,8.615330671091215e-14
0.0,20260906,400,15000,119188621268.3934,1.709743457922741e-14
0.0,20260906,800,15000,119188621268.39137,0.0
20.0,20260906,200,15000,54711129301.482124,5.2555071405890885e-11
20.0,20260906,400,15000,54711129298.60689,1.9984014443252818e-15
20.0,20260906,800,15000,54711129298.60678,0.0
40.0,20260906,200,15000,26069033871.69378,9.117836663463663e-08
40.0,20260906,400,15000,26069031494.762215,5.551115123125783e-15
40.0,20260906,800,15000,26069031494.76207,0.0
